{"cameraMode":{"drawMode":0,"name":"Shaded","section":"Shading Mode"},"sceneLighting":true,"audioPlay":false,"sceneViewState":{"m_AlwaysRefresh":false,"showFog":false,"showSkybox":false,"showFlares":false,"showImageEffects":true,"showParticleSystems":true,"showVisualEffectGraphs":true,"m_FxEnabled":false},"in2DMode":false,"pivot":{"x":-0.10611133277416229,"y":1.153808355331421,"z":-0.20688575506210328},"rotation":{"x":0.06790371984243393,"y":0.8984609246253967,"z":-0.4070596694946289,"w":0.14988119900226594},"size":13.164896965026856,"orthographic":false}