{"cameraMode":{"drawMode":0,"name":"Shaded","section":"Shading Mode"},"sceneLighting":true,"audioPlay":false,"sceneViewState":{"m_AlwaysRefresh":false,"showFog":false,"showSkybox":false,"showFlares":false,"showImageEffects":true,"showParticleSystems":true,"showVisualEffectGraphs":true,"m_FxEnabled":false},"in2DMode":false,"pivot":{"x":-0.2715562582015991,"y":0.9235483407974243,"z":-0.07464873790740967},"rotation":{"x":-0.013616328127682209,"y":0.9120934009552002,"z":-0.030392680317163469,"w":-0.40862831473350527},"size":1.2247449159622193,"orthographic":false}